Time Stamp,Irradiance (W/m^2)
7/17/2023 0:00,-0.007555851
7/17/2023 0:01,-0.1908926
7/17/2023 0:02,-0.1590233
7/17/2023 0:03,-0.001194921
7/17/2023 0:04,-0.08200758
7/17/2023 0:05,-0.1005999
7/17/2023 0:06,-0.1935819
7/17/2023 0:07,-0.1506356
7/17/2023 0:08,-0.04852279
7/17/2023 0:09,-0.1937811
7/17/2023 0:10,-0.08687615
7/17/2023 0:11,-0.08513052
7/17/2023 0:12,-0.1811187
7/17/2023 0:13,-0.1301684
7/17/2023 0:14,-0.1415902
7/17/2023 0:15,-0.1889648
7/17/2023 0:16,-0.2632656
7/17/2023 0:17,-0.1731019
7/17/2023 0:18,-0.15616
7/17/2023 0:19,-0.1448173
7/17/2023 0:20,-0.1732411
7/17/2023 0:21,-0.167085
7/17/2023 0:22,-0.1236168
7/17/2023 0:23,-0.1024586
7/17/2023 0:24,-0.064293
7/17/2023 0:25,-0.08483037
7/17/2023 0:26,-0.1495888
7/17/2023 0:27,-0.1800782
7/17/2023 0:28,-0.1321808
7/17/2023 0:29,-0.1141366
7/17/2023 0:30,0.02628109
7/17/2023 0:31,-0.06079994
7/17/2023 0:32,-0.1149003
7/17/2023 0:33,-0.106755
7/17/2023 0:34,0.09595942
7/17/2023 0:35,0.06462914
7/17/2023 0:36,-0.02618586
7/17/2023 0:37,-0.07497822
7/17/2023 0:38,-0.05929957
7/17/2023 0:39,-0.06445482
7/17/2023 0:40,0.09696117
7/17/2023 0:41,0.001203906
7/17/2023 0:42,-0.06396607
7/17/2023 0:43,-0.08296794
7/17/2023 0:44,-0.1521035
7/17/2023 0:45,-0.09748488
7/17/2023 0:46,-0.03522231
7/17/2023 0:47,-0.128516
7/17/2023 0:48,-0.1235216
7/17/2023 0:49,-0.02494152
7/17/2023 0:50,0.04827752
7/17/2023 0:51,-0.05469954
7/17/2023 0:52,-0.1535761
7/17/2023 0:53,0.00984507
7/17/2023 0:54,-0.01004003
7/17/2023 0:55,0.009344647
7/17/2023 0:56,0.0246585
7/17/2023 0:57,-0.09149766
7/17/2023 0:58,-0.0516736
7/17/2023 0:59,0.05048676
7/17/2023 1:00,0.07129635
7/17/2023 1:01,-0.05509396
7/17/2023 1:02,0.004403238
7/17/2023 1:03,-0.01007058
7/17/2023 1:04,-0.04665135
7/17/2023 1:05,-0.000603749
7/17/2023 1:06,-0.06832612
7/17/2023 1:07,-0.1290614
7/17/2023 1:08,0.07863477
7/17/2023 1:09,0.06053399
7/17/2023 1:10,0.1382389
7/17/2023 1:11,0.1800171
7/17/2023 1:12,-0.005949447
7/17/2023 1:13,-0.06105149
7/17/2023 1:14,-0.06528763
7/17/2023 1:15,-0.01199234
7/17/2023 1:16,0.01130234
7/17/2023 1:17,0.01995249
7/17/2023 1:18,-0.1097072
7/17/2023 1:19,-0.009679754
7/17/2023 1:20,0.02086169
7/17/2023 1:21,-0.02527481
7/17/2023 1:22,0.06302444
7/17/2023 1:23,-0.0512657
7/17/2023 1:24,-0.05939657
7/17/2023 1:25,-0.1001155
7/17/2023 1:26,-0.1102535
7/17/2023 1:27,-0.1108061
7/17/2023 1:28,0.08818433
7/17/2023 1:29,-0.05814419
7/17/2023 1:30,-0.0815224
7/17/2023 1:31,-0.02619842
7/17/2023 1:32,-0.04465142
7/17/2023 1:33,-0.1363
7/17/2023 1:34,-0.1069157
7/17/2023 1:35,-0.0392419
7/17/2023 1:36,-0.0426802
7/17/2023 1:37,0.06397135
7/17/2023 1:38,-0.01968743
7/17/2023 1:39,-0.06596767
7/17/2023 1:40,-0.002558748
7/17/2023 1:41,-0.01660312
7/17/2023 1:42,0.02425062
7/17/2023 1:43,0.09440598
7/17/2023 1:44,0.01733084
7/17/2023 1:45,-0.04191296
7/17/2023 1:46,-0.09501055
7/17/2023 1:47,0.08130762
7/17/2023 1:48,0.04657317
7/17/2023 1:49,0.04224448
7/17/2023 1:50,0.1508368
7/17/2023 1:51,-0.02686328
7/17/2023 1:52,-0.04884176
7/17/2023 1:53,0.07459455
7/17/2023 1:54,-0.05538686
7/17/2023 1:55,-0.08350255
7/17/2023 1:56,0.03327094
7/17/2023 1:57,-0.00893136
7/17/2023 1:58,0.04375299
7/17/2023 1:59,0.06460392
7/17/2023 2:00,0.07247871
7/17/2023 2:01,0.0436901
7/17/2023 2:02,-0.04578704
7/17/2023 2:03,0.07332325
7/17/2023 2:04,0.03789697
7/17/2023 2:05,0.08725533
7/17/2023 2:06,-0.06732979
7/17/2023 2:07,0.06346652
7/17/2023 2:08,0.04589936
7/17/2023 2:09,0.03648552
7/17/2023 2:10,-0.01341367
7/17/2023 2:11,0.01251523
7/17/2023 2:12,0.09388582
7/17/2023 2:13,0.001729492
7/17/2023 2:14,0.004617968
7/17/2023 2:15,0.1224884
7/17/2023 2:16,0.03834533
7/17/2023 2:17,-0.01596973
7/17/2023 2:18,-0.06264622
7/17/2023 2:19,0.05996167
7/17/2023 2:20,0.1078384
7/17/2023 2:21,-0.01799029
7/17/2023 2:22,0.04369004
7/17/2023 2:23,0.06279889
7/17/2023 2:24,0.0139653
7/17/2023 2:25,-0.04307016
7/17/2023 2:26,0.05021271
7/17/2023 2:27,0.124854
7/17/2023 2:28,0.01977369
7/17/2023 2:29,0.01599218
7/17/2023 2:30,-0.02136932
7/17/2023 2:31,-0.06493991
7/17/2023 2:32,-0.02887035
7/17/2023 2:33,0.01739912
7/17/2023 2:34,0.01572265
7/17/2023 2:35,-0.006139022
7/17/2023 2:36,0.001803164
7/17/2023 2:37,0.08776659
7/17/2023 2:38,0.09351834
7/17/2023 2:39,0.05710558
7/17/2023 2:40,0.04187799
7/17/2023 2:41,0.2431029
7/17/2023 2:42,0.114133
7/17/2023 2:43,0.0954437
7/17/2023 2:44,0.1207797
7/17/2023 2:45,0.09584173
7/17/2023 2:46,0.1537334
7/17/2023 2:47,0.2533737
7/17/2023 2:48,0.2308104
7/17/2023 2:49,0.1719906
7/17/2023 2:50,0.09128841
7/17/2023 2:51,0.06442244
7/17/2023 2:52,0.04129128
7/17/2023 2:53,0.0919074
7/17/2023 2:54,0.1157295
7/17/2023 2:55,0.1783308
7/17/2023 2:56,0.2661765
7/17/2023 2:57,0.1974478
7/17/2023 2:58,0.2085345
7/17/2023 2:59,0.1237426
7/17/2023 3:00,0.0295406
7/17/2023 3:01,-0.002839957
7/17/2023 3:02,0.04691098
7/17/2023 3:03,0.01320792
7/17/2023 3:04,0.04377905
7/17/2023 3:05,0.03338771
7/17/2023 3:06,-0.006919762
7/17/2023 3:07,0.2675806
7/17/2023 3:08,0.1988251
7/17/2023 3:09,0.008779525
7/17/2023 3:10,-0.0374729
7/17/2023 3:11,0.03228264
7/17/2023 3:12,0.0458805
7/17/2023 3:13,0.1308206
7/17/2023 3:14,0.1444815
7/17/2023 3:15,0.03379204
7/17/2023 3:16,0.05639945
7/17/2023 3:17,0.03634721
7/17/2023 3:18,-0.02268197
7/17/2023 3:19,-0.009523445
7/17/2023 3:20,-0.01358888
7/17/2023 3:21,-0.02328302
7/17/2023 3:22,-0.1358879
7/17/2023 3:23,-0.08968388
7/17/2023 3:24,-0.1863189
7/17/2023 3:25,-0.006815547
7/17/2023 3:26,-0.1958306
7/17/2023 3:27,-0.1406279
7/17/2023 3:28,-0.2001845
7/17/2023 3:29,-0.1163818
7/17/2023 3:30,-0.09633677
7/17/2023 3:31,-0.1301512
7/17/2023 3:32,-0.007284527
7/17/2023 3:33,-0.1210895
7/17/2023 3:34,-0.1873582
7/17/2023 3:35,-0.05487293
7/17/2023 3:36,0.03505162
7/17/2023 3:37,-0.04912652
7/17/2023 3:38,-0.1678091
7/17/2023 3:39,-0.00988819
7/17/2023 3:40,0.0373471
7/17/2023 3:41,-0.04644376
7/17/2023 3:42,-0.05931836
7/17/2023 3:43,-0.04865035
7/17/2023 3:44,-0.045681
7/17/2023 3:45,0.03035279
7/17/2023 3:46,0.1333254
7/17/2023 3:47,-0.008495617
7/17/2023 3:48,-0.09900325
7/17/2023 3:49,0.008288077
7/17/2023 3:50,0.04718052
7/17/2023 3:51,0.1057182
7/17/2023 3:52,0.03033123
7/17/2023 3:53,-0.000697185
7/17/2023 3:54,-0.0528128
7/17/2023 3:55,0.01578104
7/17/2023 3:56,0.06112878
7/17/2023 3:57,-0.04605931
7/17/2023 3:58,-0.04863423
7/17/2023 3:59,0.01260329
7/17/2023 4:00,-0.06200929
7/17/2023 4:01,-0.1293885
7/17/2023 4:02,-0.134435
7/17/2023 4:03,-0.05510837
7/17/2023 4:04,0.07139253
7/17/2023 4:05,0.07216961
7/17/2023 4:06,0.1180698
7/17/2023 4:07,0.2496693
7/17/2023 4:08,0.1381463
7/17/2023 4:09,0.1798086
7/17/2023 4:10,0.1111527
7/17/2023 4:11,0.2819385
7/17/2023 4:12,0.1900077
7/17/2023 4:13,0.140122
7/17/2023 4:14,0.1317109
7/17/2023 4:15,0.09045639
7/17/2023 4:16,0.04726407
7/17/2023 4:17,-0.02246541
7/17/2023 4:18,0.2018438
7/17/2023 4:19,0.1436952
7/17/2023 4:20,0.07181481
7/17/2023 4:21,0.1330711
7/17/2023 4:22,0.1272888
7/17/2023 4:23,-0.02401882
7/17/2023 4:24,0.1253859
7/17/2023 4:25,0.1250751
7/17/2023 4:26,0.1328672
7/17/2023 4:27,0.07034677
7/17/2023 4:28,0.03348209
7/17/2023 4:29,0.03406876
7/17/2023 4:30,-0.04755788
7/17/2023 4:31,-0.0312198
7/17/2023 4:32,-0.06855257
7/17/2023 4:33,-0.04963145
7/17/2023 4:34,-0.00420648
7/17/2023 4:35,-0.01911064
7/17/2023 4:36,-0.09063516
7/17/2023 4:37,-0.106967
7/17/2023 4:38,-0.01315672
7/17/2023 4:39,0.00685957
7/17/2023 4:40,-0.0119034
7/17/2023 4:41,-0.05880541
7/17/2023 4:42,0.04739883
7/17/2023 4:43,0.02603401
7/17/2023 4:44,0.07370238
7/17/2023 4:45,0.1835399
7/17/2023 4:46,0.0110337
7/17/2023 4:47,-0.04389133
7/17/2023 4:48,0.07660969
7/17/2023 4:49,0.05661859
7/17/2023 4:50,0.06853277
7/17/2023 4:51,0.07361163
7/17/2023 4:52,0.1487264
7/17/2023 4:53,0.1785329
7/17/2023 4:54,0.1594205
7/17/2023 4:55,0.09298194
7/17/2023 4:56,0.101173
7/17/2023 4:57,0.04274315
7/17/2023 4:58,0.2520907
7/17/2023 4:59,0.03819436
7/17/2023 5:00,-0.0109825
7/17/2023 5:01,-0.03794729
7/17/2023 5:02,0.1370225
7/17/2023 5:03,-0.007112026
7/17/2023 5:04,0.1360835
7/17/2023 5:05,0.2495948
7/17/2023 5:06,0.1750226
7/17/2023 5:07,0.07851887
7/17/2023 5:08,0.006170467
7/17/2023 5:09,-0.01765788
7/17/2023 5:10,0.2071222
7/17/2023 5:11,0.04615273
7/17/2023 5:12,-0.02972032
7/17/2023 5:13,0.06810424
7/17/2023 5:14,0.141635
7/17/2023 5:15,0.1048368
7/17/2023 5:16,0.1856791
7/17/2023 5:17,0.04590112
7/17/2023 5:18,0.1435352
7/17/2023 5:19,0.05807046
7/17/2023 5:20,0.04115471
7/17/2023 5:21,0.2284798
7/17/2023 5:22,0.0865088
7/17/2023 5:23,0.1743401
7/17/2023 5:24,0.1444446
7/17/2023 5:25,0.09015285
7/17/2023 5:26,-0.02480317
7/17/2023 5:27,0.03144172
7/17/2023 5:28,0.000964922
7/17/2023 5:29,0.06669459
7/17/2023 5:30,0.05378405
7/17/2023 5:31,0.02473038
7/17/2023 5:32,0.114796
7/17/2023 5:33,0.2073089
7/17/2023 5:34,0.2011941
7/17/2023 5:35,0.1111699
7/17/2023 5:36,0.05656381
7/17/2023 5:37,0.144095
7/17/2023 5:38,0.150623
7/17/2023 5:39,0.2297143
7/17/2023 5:40,0.2156448
7/17/2023 5:41,0.2946523
7/17/2023 5:42,0.1692152
7/17/2023 5:43,0.1824025
7/17/2023 5:44,0.1376944
7/17/2023 5:45,0.2572944
7/17/2023 5:46,0.2548451
7/17/2023 5:47,0.241737
7/17/2023 5:48,0.2170902
7/17/2023 5:49,0.2745065
7/17/2023 5:50,0.2872105
7/17/2023 5:51,0.2888421
7/17/2023 5:52,0.3491678
7/17/2023 5:53,0.4138679
7/17/2023 5:54,0.2996953
7/17/2023 5:55,0.2426464
7/17/2023 5:56,0.2234909
7/17/2023 5:57,0.3469119
7/17/2023 5:58,0.3571083
7/17/2023 5:59,0.4000465
7/17/2023 6:00,0.4422372
7/17/2023 6:01,0.6226174
7/17/2023 6:02,0.4919962
7/17/2023 6:03,0.4826652
7/17/2023 6:04,0.4482523
7/17/2023 6:05,0.4911977
7/17/2023 6:06,0.4716476
7/17/2023 6:07,0.5998518
7/17/2023 6:08,0.8981619
7/17/2023 6:09,1.406296
7/17/2023 6:10,3.146499
7/17/2023 6:11,5.234915
7/17/2023 6:12,7.301775
7/17/2023 6:13,8.992537
7/17/2023 6:14,9.74535
7/17/2023 6:15,9.783545
7/17/2023 6:16,9.666038
7/17/2023 6:17,9.819716
7/17/2023 6:18,10.25606
7/17/2023 6:19,10.75288
7/17/2023 6:20,11.10507
7/17/2023 6:21,12.04405
7/17/2023 6:22,13.15033
7/17/2023 6:23,14.26979
7/17/2023 6:24,15.16085
7/17/2023 6:25,16.28126
7/17/2023 6:26,17.46572
7/17/2023 6:27,18.50777
7/17/2023 6:28,19.93041
7/17/2023 6:29,21.10264
7/17/2023 6:30,22.21908
7/17/2023 6:31,24.05695
7/17/2023 6:32,25.8279
7/17/2023 6:33,27.42228
7/17/2023 6:34,28.44139
7/17/2023 6:35,29.3361
7/17/2023 6:36,31.27952
7/17/2023 6:37,32.9083
7/17/2023 6:38,34.26432
7/17/2023 6:39,36.48532
7/17/2023 6:40,38.28873
7/17/2023 6:41,41.30737
7/17/2023 6:42,45.90286
7/17/2023 6:43,50.45792
7/17/2023 6:44,53.36699
7/17/2023 6:45,56.50974
7/17/2023 6:46,60.65727
7/17/2023 6:47,63.99316
7/17/2023 6:48,66.8168
7/17/2023 6:49,69.24735
7/17/2023 6:50,71.97053
7/17/2023 6:51,72.99644
7/17/2023 6:52,73.66361
7/17/2023 6:53,74.56194
7/17/2023 6:54,75.34373
7/17/2023 6:55,76.55988
7/17/2023 6:56,78.58253
7/17/2023 6:57,83.24903
7/17/2023 6:58,86.95913
7/17/2023 6:59,87.47787
7/17/2023 7:00,91.619
7/17/2023 7:01,96.86529
7/17/2023 7:02,98.38746
7/17/2023 7:03,97.33347
7/17/2023 7:04,98.29986
7/17/2023 7:05,101.2799
7/17/2023 7:06,104.4275
7/17/2023 7:07,106.4158
7/17/2023 7:08,107.9384
7/17/2023 7:09,109.5172
7/17/2023 7:10,112.2186
7/17/2023 7:11,115.4908
7/17/2023 7:12,118.0928
7/17/2023 7:13,121.8627
7/17/2023 7:14,126.3487
7/17/2023 7:15,127.797
7/17/2023 7:16,131.8663
7/17/2023 7:17,133.754
7/17/2023 7:18,137.4324
7/17/2023 7:19,140.8999
7/17/2023 7:20,141.742
7/17/2023 7:21,144.495
7/17/2023 7:22,145.3729
7/17/2023 7:23,146.4729
7/17/2023 7:24,148.2801
7/17/2023 7:25,148.6115
7/17/2023 7:26,148.8553
7/17/2023 7:27,151.6864
7/17/2023 7:28,153.8185
7/17/2023 7:29,157.0845
7/17/2023 7:30,159.7347
7/17/2023 7:31,162.2266
7/17/2023 7:32,163.7354
7/17/2023 7:33,163.5927
7/17/2023 7:34,167.199
7/17/2023 7:35,169.5042
7/17/2023 7:36,169.5495
7/17/2023 7:37,169.7025
7/17/2023 7:38,172.0089
7/17/2023 7:39,174.8851
7/17/2023 7:40,176.86
7/17/2023 7:41,178.9199
7/17/2023 7:42,180.4384
7/17/2023 7:43,182.317
7/17/2023 7:44,181.5726
7/17/2023 7:45,180.721
7/17/2023 7:46,180.3818
7/17/2023 7:47,182.2434
7/17/2023 7:48,183.5321
7/17/2023 7:49,184.6656
7/17/2023 7:50,186.1771
7/17/2023 7:51,186.9629
7/17/2023 7:52,187.9341
7/17/2023 7:53,187.2513
7/17/2023 7:54,187.0829
7/17/2023 7:55,189.6979
7/17/2023 7:56,190.9566
7/17/2023 7:57,190.6533
7/17/2023 7:58,191.625
7/17/2023 7:59,191.716
7/17/2023 8:00,192.6587
7/17/2023 8:01,193.1031
7/17/2023 8:02,192.8848
7/17/2023 8:03,194.2298
7/17/2023 8:04,195.2503
7/17/2023 8:05,196.2941
7/17/2023 8:06,198.384
7/17/2023 8:07,197.9603
7/17/2023 8:08,197.4948
7/17/2023 8:09,199.3064
7/17/2023 8:10,200.7211
7/17/2023 8:11,200.9501
7/17/2023 8:12,200.283
7/17/2023 8:13,200.255
7/17/2023 8:14,200.7777
7/17/2023 8:15,202.8505
7/17/2023 8:16,204.6311
7/17/2023 8:17,205.0697
7/17/2023 8:18,206.7966
7/17/2023 8:19,206.3746
7/17/2023 8:20,206.3832
7/17/2023 8:21,206.7234
7/17/2023 8:22,205.8845
7/17/2023 8:23,206.6798
7/17/2023 8:24,206.6465
7/17/2023 8:25,209.2798
7/17/2023 8:26,210.2154
7/17/2023 8:27,211.0393
7/17/2023 8:28,212.6588
7/17/2023 8:29,211.6314
7/17/2023 8:30,212.8785
7/17/2023 8:31,214.4838
7/17/2023 8:32,215.764
7/17/2023 8:33,215.0955
7/17/2023 8:34,216.0346
7/17/2023 8:35,217.8849
7/17/2023 8:36,218.9335
7/17/2023 8:37,220.0205
7/17/2023 8:38,221.5244
7/17/2023 8:39,224.6514
7/17/2023 8:40,229.1059
7/17/2023 8:41,232.6265
7/17/2023 8:42,233.4596
7/17/2023 8:43,236.0423
7/17/2023 8:44,239.351
7/17/2023 8:45,242.3498
7/17/2023 8:46,241.962
7/17/2023 8:47,241.3715
7/17/2023 8:48,240.4896
7/17/2023 8:49,241.6778
7/17/2023 8:50,243.8129
7/17/2023 8:51,246.4244
7/17/2023 8:52,248.7172
7/17/2023 8:53,250.3494
7/17/2023 8:54,250.9028
7/17/2023 8:55,253.1588
7/17/2023 8:56,254.8645
7/17/2023 8:57,256.8255
7/17/2023 8:58,259.3245
7/17/2023 8:59,259.8738
7/17/2023 9:00,262.0023
7/17/2023 9:01,265.7616
7/17/2023 9:02,267.2092
7/17/2023 9:03,268.9323
7/17/2023 9:04,269.1255
7/17/2023 9:05,267.8911
7/17/2023 9:06,268.3328
7/17/2023 9:07,273.2278
7/17/2023 9:08,276.5702
7/17/2023 9:09,278.9491
7/17/2023 9:10,283.1487
7/17/2023 9:11,285.6325
7/17/2023 9:12,285.9339
7/17/2023 9:13,286.4996
7/17/2023 9:14,285.1626
7/17/2023 9:15,286.1244
7/17/2023 9:16,288.5326
7/17/2023 9:17,290.3042
7/17/2023 9:18,289.4378
7/17/2023 9:19,288.857
7/17/2023 9:20,292.8335
7/17/2023 9:21,293.7959
7/17/2023 9:22,296.8192
7/17/2023 9:23,301.0578
7/17/2023 9:24,304.2769
7/17/2023 9:25,307.3071
7/17/2023 9:26,310.045
7/17/2023 9:27,308.9643
7/17/2023 9:28,309.5485
7/17/2023 9:29,311.5895
7/17/2023 9:30,313.0039
7/17/2023 9:31,313.2773
7/17/2023 9:32,315.4662
7/17/2023 9:33,317.6075
7/17/2023 9:34,318.443
7/17/2023 9:35,316.6223
7/17/2023 9:36,313.7275
7/17/2023 9:37,316.3148
7/17/2023 9:38,284.4655
7/17/2023 9:39,285.2775
7/17/2023 9:40,268.3874
7/17/2023 9:41,260.4518
7/17/2023 9:42,227.1398
7/17/2023 9:43,249.0759
7/17/2023 9:44,220.3033
7/17/2023 9:45,204.4193
7/17/2023 9:46,222.9166
7/17/2023 9:47,240.8714
7/17/2023 9:48,230.5298
7/17/2023 9:49,211.628
7/17/2023 9:50,252.656
7/17/2023 9:51,308.4667
7/17/2023 9:52,351.641
7/17/2023 9:53,349.5954
7/17/2023 9:54,356.7648
7/17/2023 9:55,360.2656
7/17/2023 9:56,365.5872
7/17/2023 9:57,369.5131
7/17/2023 9:58,369.6401
7/17/2023 9:59,370.2064
7/17/2023 10:00,374.0201
7/17/2023 10:01,377.0235
7/17/2023 10:02,379.1748
7/17/2023 10:03,380.3881
7/17/2023 10:04,381.2514
7/17/2023 10:05,383.0692
7/17/2023 10:06,381.9356
7/17/2023 10:07,382.364
7/17/2023 10:08,384.5763
7/17/2023 10:09,385.5537
7/17/2023 10:10,388.2554
7/17/2023 10:11,390.6804
7/17/2023 10:12,394.1205
7/17/2023 10:13,397.8864
7/17/2023 10:14,399.1382
7/17/2023 10:15,400.3227
7/17/2023 10:16,401.669
7/17/2023 10:17,402.1675
7/17/2023 10:18,403.8114
7/17/2023 10:19,403.2632
7/17/2023 10:20,396.9146
7/17/2023 10:21,398.5092
7/17/2023 10:22,402.866
7/17/2023 10:23,403.2607
7/17/2023 10:24,391.0503
7/17/2023 10:25,380.6278
7/17/2023 10:26,381.3583
7/17/2023 10:27,382.2729
7/17/2023 10:28,391.6737
7/17/2023 10:29,396.2857
7/17/2023 10:30,397.5445
7/17/2023 10:31,400.793
7/17/2023 10:32,408.132
7/17/2023 10:33,413.5622
7/17/2023 10:34,415.3557
7/17/2023 10:35,413.7641
7/17/2023 10:36,418.3123
7/17/2023 10:37,421.6981
7/17/2023 10:38,422.0773
7/17/2023 10:39,425.6388
7/17/2023 10:40,426.764
7/17/2023 10:41,428.2754
7/17/2023 10:42,429.4955
7/17/2023 10:43,429.4041
7/17/2023 10:44,431.4508
7/17/2023 10:45,424.7845
7/17/2023 10:46,410.5481
7/17/2023 10:47,397.5342
7/17/2023 10:48,403.9781
7/17/2023 10:49,380.1415
7/17/2023 10:50,344.5012
7/17/2023 10:51,320.7081
7/17/2023 10:52,349.268
7/17/2023 10:53,383.0672
7/17/2023 10:54,397.975
7/17/2023 10:55,406.6322
7/17/2023 10:56,415.2995
7/17/2023 10:57,393.5581
7/17/2023 10:58,366.8887
7/17/2023 10:59,410.2627
7/17/2023 11:00,424.7392
7/17/2023 11:01,443.751
7/17/2023 11:02,461.7748
7/17/2023 11:03,457.9141
7/17/2023 11:04,453.3548
7/17/2023 11:05,448.9054
7/17/2023 11:06,442.7503
7/17/2023 11:07,468.2562
7/17/2023 11:08,467.705
7/17/2023 11:09,465.7528
7/17/2023 11:10,462.407
7/17/2023 11:11,460.4602
7/17/2023 11:12,458.1891
7/17/2023 11:13,458.3301
7/17/2023 11:14,461.9533
7/17/2023 11:15,464.1509
7/17/2023 11:16,463.1585
7/17/2023 11:17,465.7887
7/17/2023 11:18,465.9144
7/17/2023 11:19,467.2941
7/17/2023 11:20,471.3008
7/17/2023 11:21,471.6819
7/17/2023 11:22,474.2664
7/17/2023 11:23,464.3439
7/17/2023 11:24,477.8698
7/17/2023 11:25,480.8277
7/17/2023 11:26,485.3138
7/17/2023 11:27,487.9599
7/17/2023 11:28,489.4076
7/17/2023 11:29,494.3139
7/17/2023 11:30,495.2073
7/17/2023 11:31,491.4812
7/17/2023 11:32,491.6907
7/17/2023 11:33,488.8972
7/17/2023 11:34,490.0765
7/17/2023 11:35,489.3274
7/17/2023 11:36,494.5668
7/17/2023 11:37,498.1997
7/17/2023 11:38,494.3475
7/17/2023 11:39,496.5232
7/17/2023 11:40,490.9406
7/17/2023 11:41,485.7585
7/17/2023 11:42,479.423
7/17/2023 11:43,473.9529
7/17/2023 11:44,489.7377
7/17/2023 11:45,486.9967
7/17/2023 11:46,485.209
7/17/2023 11:47,480.4634
7/17/2023 11:48,470.9146
7/17/2023 11:49,472.7633
7/17/2023 11:50,472.0848
7/17/2023 11:51,471.9364
7/17/2023 11:52,468.1653
7/17/2023 11:53,465.1261
7/17/2023 11:54,463.1034
7/17/2023 11:55,468.0493
7/17/2023 11:56,464.0139
7/17/2023 11:57,462.5789
7/17/2023 11:58,473.9077
7/17/2023 11:59,474.238
7/17/2023 12:00,472.6193
7/17/2023 12:01,444.7572
7/17/2023 12:02,357.6102
7/17/2023 12:03,330.5498
7/17/2023 12:04,324.9678
7/17/2023 12:05,385.7427
7/17/2023 12:06,366.028
7/17/2023 12:07,437.2186
7/17/2023 12:08,463.8066
7/17/2023 12:09,448.0877
7/17/2023 12:10,366.1044
7/17/2023 12:11,472.4327
7/17/2023 12:12,482.0312
7/17/2023 12:13,466.734
7/17/2023 12:14,240.3425
7/17/2023 12:15,18.84098
7/17/2023 12:16,109.4942
7/17/2023 12:17,476.5828
7/17/2023 12:18,478.1983
7/17/2023 12:19,489.9906
7/17/2023 12:20,498.2284
7/17/2023 12:21,511.0203
7/17/2023 12:22,502.7658
7/17/2023 12:23,499.4907
7/17/2023 12:24,504.4068
7/17/2023 12:25,511.2992
7/17/2023 12:26,511.9828
7/17/2023 12:27,515.743
7/17/2023 12:28,512.8305
7/17/2023 12:29,492.5034
7/17/2023 12:30,472.7885
7/17/2023 12:31,497.3924
7/17/2023 12:32,513.9994
7/17/2023 12:33,507.5768
7/17/2023 12:34,505.6565
7/17/2023 12:35,465.2144
7/17/2023 12:36,448.3255
7/17/2023 12:37,377.563
7/17/2023 12:38,396.6736
7/17/2023 12:39,350.6581
7/17/2023 12:40,267.8396
7/17/2023 12:41,370.8359
7/17/2023 12:42,400.2588
7/17/2023 12:43,388.2138
7/17/2023 12:44,482.6841
7/17/2023 12:45,508.1737
7/17/2023 12:46,517.7729
7/17/2023 12:47,515.1187
7/17/2023 12:48,505.7225
7/17/2023 12:49,480.0801
7/17/2023 12:50,486.0752
7/17/2023 12:51,487.4167
7/17/2023 12:52,498.5289
7/17/2023 12:53,497.8645
7/17/2023 12:54,503.4978
7/17/2023 12:55,504.0509
7/17/2023 12:56,501.0672
7/17/2023 12:57,498.8853
7/17/2023 12:58,497.8936
7/17/2023 12:59,503.4778
7/17/2023 13:00,513.1774
7/17/2023 13:01,499.9435
7/17/2023 13:02,495.081
7/17/2023 13:03,506.3819
7/17/2023 13:04,504.8972
7/17/2023 13:05,499.1056
7/17/2023 13:06,488.5705
7/17/2023 13:07,493.4554
7/17/2023 13:08,500.1736
7/17/2023 13:09,500.5506
7/17/2023 13:10,497.1676
7/17/2023 13:11,496.8364
7/17/2023 13:12,488.9779
7/17/2023 13:13,493.0517
7/17/2023 13:14,494.8535
7/17/2023 13:15,488.6635
7/17/2023 13:16,485.0035
7/17/2023 13:17,484.0705
7/17/2023 13:18,483.5298
7/17/2023 13:19,491.2264
7/17/2023 13:20,499.5892
7/17/2023 13:21,502.3307
7/17/2023 13:22,500.058
7/17/2023 13:23,501.0647
7/17/2023 13:24,499.2487
7/17/2023 13:25,496.6731
7/17/2023 13:26,505.7879
7/17/2023 13:27,501.4972
7/17/2023 13:28,502.7133
7/17/2023 13:29,497.4538
7/17/2023 13:30,498.5231
7/17/2023 13:31,500.7303
7/17/2023 13:32,497.1791
7/17/2023 13:33,495.7667
7/17/2023 13:34,495.7355
7/17/2023 13:35,495.6
7/17/2023 13:36,493.8409
7/17/2023 13:37,491.4045
7/17/2023 13:38,486.4068
7/17/2023 13:39,481.6315
7/17/2023 13:40,476.9567
7/17/2023 13:41,477.2945
7/17/2023 13:42,478.9019
7/17/2023 13:43,477.5738
7/17/2023 13:44,470.1709
7/17/2023 13:45,338.5353
7/17/2023 13:46,320.7856
7/17/2023 13:47,380.9611
7/17/2023 13:48,460.9331
7/17/2023 13:49,469.9289
7/17/2023 13:50,469.3657
7/17/2023 13:51,466.7333
7/17/2023 13:52,466.061
7/17/2023 13:53,468.0251
7/17/2023 13:54,466.4847
7/17/2023 13:55,466.2461
7/17/2023 13:56,462.088
7/17/2023 13:57,460.856
7/17/2023 13:58,459.5828
7/17/2023 13:59,459.3802
7/17/2023 14:00,461.5768
7/17/2023 14:01,448.4014
7/17/2023 14:02,460.1333
7/17/2023 14:03,465.2253
7/17/2023 14:04,401.4168
7/17/2023 14:05,14.91526
7/17/2023 14:06,55.91933
7/17/2023 14:07,4.968385
7/17/2023 14:08,0.6214849
7/17/2023 14:09,14.41433
7/17/2023 14:10,307.2571
7/17/2023 14:11,454.2059
7/17/2023 14:12,450.0841
7/17/2023 14:13,438.4755
7/17/2023 14:14,442.8575
7/17/2023 14:15,452.909
7/17/2023 14:16,452.8844
7/17/2023 14:17,444.9205
7/17/2023 14:18,446.1964
7/17/2023 14:19,235.8597
7/17/2023 14:20,298.5659
7/17/2023 14:21,441.5992
7/17/2023 14:22,425.3323
7/17/2023 14:23,374.9108
7/17/2023 14:24,55.87722
7/17/2023 14:25,2.814692
7/17/2023 14:26,55.07557
7/17/2023 14:27,400.9722
7/17/2023 14:28,414.8326
7/17/2023 14:29,425.2281
7/17/2023 14:30,407.0818
7/17/2023 14:31,418.0507
7/17/2023 14:32,431.276
7/17/2023 14:33,440.141
7/17/2023 14:34,440.0151
7/17/2023 14:35,435.1418
7/17/2023 14:36,427.6181
7/17/2023 14:37,423.433
7/17/2023 14:38,437.247
7/17/2023 14:39,434.987
7/17/2023 14:40,439.8088
7/17/2023 14:41,435.8731
7/17/2023 14:42,431.6759
7/17/2023 14:43,434.4415
7/17/2023 14:44,432.0831
7/17/2023 14:45,428.0687
7/17/2023 14:46,427.4753
7/17/2023 14:47,420.9597
7/17/2023 14:48,420.1538
7/17/2023 14:49,416.4736
7/17/2023 14:50,408.5089
7/17/2023 14:51,402.8158
7/17/2023 14:52,410.2705
7/17/2023 14:53,416.9218
7/17/2023 14:54,421.679
7/17/2023 14:55,424.1923
7/17/2023 14:56,431.6228
7/17/2023 14:57,436.9501
7/17/2023 14:58,437.6711
7/17/2023 14:59,438.2242
7/17/2023 15:00,442.9045
7/17/2023 15:01,447.5894
7/17/2023 15:02,445.809
7/17/2023 15:03,446.9666
7/17/2023 15:04,445.0227
7/17/2023 15:05,437.7771
7/17/2023 15:06,435.0136
7/17/2023 15:07,437.1136
7/17/2023 15:08,435.9581
7/17/2023 15:09,433.3011
7/17/2023 15:10,433.8379
7/17/2023 15:11,434.6703
7/17/2023 15:12,435.3088
7/17/2023 15:13,432.0461
7/17/2023 15:14,430.6253
7/17/2023 15:15,426.1947
7/17/2023 15:16,424.8319
7/17/2023 15:17,417.7348
7/17/2023 15:18,416.6632
7/17/2023 15:19,413.6949
7/17/2023 15:20,413.4523
7/17/2023 15:21,415.4759
7/17/2023 15:22,419.4968
7/17/2023 15:23,419.6455
7/17/2023 15:24,418.3052
7/17/2023 15:25,418.8498
7/17/2023 15:26,417.3993
7/17/2023 15:27,415.7383
7/17/2023 15:28,413.7033
7/17/2023 15:29,407.7362
7/17/2023 15:30,413.2081
7/17/2023 15:31,416.7599
7/17/2023 15:32,415.8865
7/17/2023 15:33,411.0537
7/17/2023 15:34,409.6912
7/17/2023 15:35,409.3038
7/17/2023 15:36,410.6344
7/17/2023 15:37,411.6424
7/17/2023 15:38,408.4812
7/17/2023 15:39,407.0777
7/17/2023 15:40,407.1298
7/17/2023 15:41,407.9225
7/17/2023 15:42,407.3277
7/17/2023 15:43,406.2795
7/17/2023 15:44,403.299
7/17/2023 15:45,400.2585
7/17/2023 15:46,395.8271
7/17/2023 15:47,392.6136
7/17/2023 15:48,391.7782
7/17/2023 15:49,388.0028
7/17/2023 15:50,382.3467
7/17/2023 15:51,378.4895
7/17/2023 15:52,376.5056
7/17/2023 15:53,377.9713
7/17/2023 15:54,375.5311
7/17/2023 15:55,378.1678
7/17/2023 15:56,383.0944
7/17/2023 15:57,380.4125
7/17/2023 15:58,381.9223
7/17/2023 15:59,386.5498
7/17/2023 16:00,385.1401
7/17/2023 16:01,385.5918
7/17/2023 16:02,382.6531
7/17/2023 16:03,380.783
7/17/2023 16:04,382.2278
7/17/2023 16:05,383.6075
7/17/2023 16:06,383.1288
7/17/2023 16:07,380.2099
7/17/2023 16:08,376.0329
7/17/2023 16:09,375.1823
7/17/2023 16:10,372.2372
7/17/2023 16:11,374.6239
7/17/2023 16:12,378.1442
7/17/2023 16:13,383.0802
7/17/2023 16:14,382.7705
7/17/2023 16:15,379.9167
7/17/2023 16:16,378.9175
7/17/2023 16:17,379.6306
7/17/2023 16:18,380.9629
7/17/2023 16:19,380.8118
7/17/2023 16:20,375.5169
7/17/2023 16:21,368.8396
7/17/2023 16:22,366.1845
7/17/2023 16:23,362.7678
7/17/2023 16:24,358.2052
7/17/2023 16:25,351.2154
7/17/2023 16:26,344.2977
7/17/2023 16:27,336.1175
7/17/2023 16:28,329.7094
7/17/2023 16:29,322.0665
7/17/2023 16:30,324.8401
7/17/2023 16:31,320.9343
7/17/2023 16:32,317.4893
7/17/2023 16:33,318.8366
7/17/2023 16:34,310.8387
7/17/2023 16:35,301.7544
7/17/2023 16:36,304.6129
7/17/2023 16:37,308.3842
7/17/2023 16:38,304.4375
7/17/2023 16:39,309.313
7/17/2023 16:40,309.6541
7/17/2023 16:41,312.2412
7/17/2023 16:42,312.2341
7/17/2023 16:43,311.843
7/17/2023 16:44,312.7859
7/17/2023 16:45,313.7954
7/17/2023 16:46,315.6758
7/17/2023 16:47,315.8996
7/17/2023 16:48,314.708
7/17/2023 16:49,313.5642
7/17/2023 16:50,315.8233
7/17/2023 16:51,298.8543
7/17/2023 16:52,300.3154
7/17/2023 16:53,297.2701
7/17/2023 16:54,272.4209
7/17/2023 16:55,282.6058
7/17/2023 16:56,296.5732
7/17/2023 16:57,286.1195
7/17/2023 16:58,272.3678
7/17/2023 16:59,219.8067
7/17/2023 17:00,239.7408
7/17/2023 17:01,292.1268
7/17/2023 17:02,250.8708
7/17/2023 17:03,246.4208
7/17/2023 17:04,288.4424
7/17/2023 17:05,220.95
7/17/2023 17:06,302.2018
7/17/2023 17:07,304.929
7/17/2023 17:08,311.5381
7/17/2023 17:09,268.3665
7/17/2023 17:10,241.6208
7/17/2023 17:11,234.8971
7/17/2023 17:12,259.2554
7/17/2023 17:13,261.9186
7/17/2023 17:14,246.876
7/17/2023 17:15,196.2998
7/17/2023 17:16,104.8356
7/17/2023 17:17,124.8927
7/17/2023 17:18,134.4167
7/17/2023 17:19,131.4942
7/17/2023 17:20,197.2327
7/17/2023 17:21,196.0844
7/17/2023 17:22,154.7015
7/17/2023 17:23,151.1168
7/17/2023 17:24,77.32386
7/17/2023 17:25,154.1562
7/17/2023 17:26,224.5164
7/17/2023 17:27,259.9836
7/17/2023 17:28,279.2727
7/17/2023 17:29,281.7823
7/17/2023 17:30,279.4339
7/17/2023 17:31,276.2405
7/17/2023 17:32,271.4501
7/17/2023 17:33,257.5319
7/17/2023 17:34,233.8698
7/17/2023 17:35,252.1004
7/17/2023 17:36,229.2352
7/17/2023 17:37,215.6941
7/17/2023 17:38,227.7728
7/17/2023 17:39,225.4226
7/17/2023 17:40,224.3993
7/17/2023 17:41,244.7133
7/17/2023 17:42,221.6121
7/17/2023 17:43,249.6144
7/17/2023 17:44,233.6367
7/17/2023 17:45,237.9304
7/17/2023 17:46,230.579
7/17/2023 17:47,243.496
7/17/2023 17:48,227.4368
7/17/2023 17:49,241.2447
7/17/2023 17:50,250.7579
7/17/2023 17:51,245.3156
7/17/2023 17:52,239.061
7/17/2023 17:53,242.7036
7/17/2023 17:54,245.5405
7/17/2023 17:55,244.651
7/17/2023 17:56,236.0646
7/17/2023 17:57,237.5297
7/17/2023 17:58,237.9363
7/17/2023 17:59,238.0361
7/17/2023 18:00,237.6151
7/17/2023 18:01,235.4977
7/17/2023 18:02,229.9703
7/17/2023 18:03,213.4734
7/17/2023 18:04,232.1971
7/17/2023 18:05,224.0826
7/17/2023 18:06,220.3573
7/17/2023 18:07,213.2051
7/17/2023 18:08,140.0482
7/17/2023 18:09,200.7742
7/17/2023 18:10,170.8779
7/17/2023 18:11,209.7908
7/17/2023 18:12,215.0707
7/17/2023 18:13,209.786
7/17/2023 18:14,204.3223
7/17/2023 18:15,197.966
7/17/2023 18:16,195.0252
7/17/2023 18:17,192.9391
7/17/2023 18:18,184.7724
7/17/2023 18:19,182.8728
7/17/2023 18:20,179.5059
7/17/2023 18:21,175.0083
7/17/2023 18:22,173.6786
7/17/2023 18:23,171.7527
7/17/2023 18:24,170.4008
7/17/2023 18:25,169.6784
7/17/2023 18:26,168.2138
7/17/2023 18:27,152.0548
7/17/2023 18:28,166.453
7/17/2023 18:29,163.4407
7/17/2023 18:30,159.405
7/17/2023 18:31,156.2948
7/17/2023 18:32,154.8303
7/17/2023 18:33,152.8383
7/17/2023 18:34,150.8545
7/17/2023 18:35,150.7821
7/17/2023 18:36,150.8618
7/17/2023 18:37,149.7282
7/17/2023 18:38,148.0399
7/17/2023 18:39,146.2496
7/17/2023 18:40,144.8589
7/17/2023 18:41,143.0855
7/17/2023 18:42,142.5166
7/17/2023 18:43,140.2033
7/17/2023 18:44,137.557
7/17/2023 18:45,137.0739
7/17/2023 18:46,136.2711
7/17/2023 18:47,135.7512
7/17/2023 18:48,135.3277
7/17/2023 18:49,135.079
7/17/2023 18:50,134.5297
7/17/2023 18:51,133.0462
7/17/2023 18:52,132.7927
7/17/2023 18:53,132.1658
7/17/2023 18:54,131.0672
7/17/2023 18:55,129.88
7/17/2023 18:56,127.9198
7/17/2023 18:57,126.3401
7/17/2023 18:58,124.4209
7/17/2023 18:59,122.6998
7/17/2023 19:00,121.3945
7/17/2023 19:01,119.2488
7/17/2023 19:02,117.1805
7/17/2023 19:03,115.3846
7/17/2023 19:04,112.5431
7/17/2023 19:05,109.7135
7/17/2023 19:06,109.5316
7/17/2023 19:07,108.3217
7/17/2023 19:08,105.8531
7/17/2023 19:09,103.6834
7/17/2023 19:10,102.5064
7/17/2023 19:11,99.91142
7/17/2023 19:12,97.44659
7/17/2023 19:13,97.3966
7/17/2023 19:14,95.25791
7/17/2023 19:15,93.21925
7/17/2023 19:16,91.87949
7/17/2023 19:17,90.97663
7/17/2023 19:18,88.94038
7/17/2023 19:19,86.75118
7/17/2023 19:20,84.82986
7/17/2023 19:21,83.45451
7/17/2023 19:22,82.94215
7/17/2023 19:23,82.25256
7/17/2023 19:24,81.17197
7/17/2023 19:25,79.85672
7/17/2023 19:26,77.41662
7/17/2023 19:27,72.84816
7/17/2023 19:28,68.61172
7/17/2023 19:29,67.21015
7/17/2023 19:30,65.39688
7/17/2023 19:31,65.55256
7/17/2023 19:32,62.46578
7/17/2023 19:33,62.46924
7/17/2023 19:34,61.00325
7/17/2023 19:35,58.30473
7/17/2023 19:36,61.03496
7/17/2023 19:37,60.7268
7/17/2023 19:38,57.17232
7/17/2023 19:39,37.59624
7/17/2023 19:40,48.67109
7/17/2023 19:41,52.79428
7/17/2023 19:42,50.54153
7/17/2023 19:43,50.0655
7/17/2023 19:44,49.6605
7/17/2023 19:45,44.67907
7/17/2023 19:46,26.8904
7/17/2023 19:47,36.92512
7/17/2023 19:48,39.25689
7/17/2023 19:49,33.62636
7/17/2023 19:50,39.02691
7/17/2023 19:51,36.8189
7/17/2023 19:52,35.03142
7/17/2023 19:53,33.22234
7/17/2023 19:54,31.05887
7/17/2023 19:55,29.24027
7/17/2023 19:56,27.40123
7/17/2023 19:57,25.37433
7/17/2023 19:58,24.57576
7/17/2023 19:59,18.08824
7/17/2023 20:00,9.991746
7/17/2023 20:01,14.15707
7/17/2023 20:02,16.52157
7/17/2023 20:03,12.42839
7/17/2023 20:04,6.146349
7/17/2023 20:05,1.227421
7/17/2023 20:06,0.2140064
7/17/2023 20:07,0.1008489
7/17/2023 20:08,-0.06460676
7/17/2023 20:09,-0.207809
7/17/2023 20:10,-0.337622
7/17/2023 20:11,-0.3977871
7/17/2023 20:12,-0.429078
7/17/2023 20:13,-0.4264762
7/17/2023 20:14,-0.6343932
7/17/2023 20:15,-0.5514501
7/17/2023 20:16,-0.5630677
7/17/2023 20:17,-0.5663621
7/17/2023 20:18,-0.6331469
7/17/2023 20:19,-0.6194384
7/17/2023 20:20,-0.6532564
7/17/2023 20:21,-0.5468803
7/17/2023 20:22,-0.561983
7/17/2023 20:23,-0.4973608
7/17/2023 20:24,-0.4720438
7/17/2023 20:25,-0.439964
7/17/2023 20:26,-0.4082878
7/17/2023 20:27,-0.3245514
7/17/2023 20:28,-0.412417
7/17/2023 20:29,-0.4108178
7/17/2023 20:30,-0.3766024
7/17/2023 20:31,-0.2931679
7/17/2023 20:32,-0.4049886
7/17/2023 20:33,-0.3568016
7/17/2023 20:34,-0.3195919
7/17/2023 20:35,-0.3073347
7/17/2023 20:36,-0.2940054
7/17/2023 20:37,-0.3654324
7/17/2023 20:38,-0.4079044
7/17/2023 20:39,-0.3673307
7/17/2023 20:40,-0.2840066
7/17/2023 20:41,-0.3004561
7/17/2023 20:42,-0.3225911
7/17/2023 20:43,-0.2902041
7/17/2023 20:44,-0.3268193
7/17/2023 20:45,-0.3310717
7/17/2023 20:46,-0.3510325
7/17/2023 20:47,-0.3620715
7/17/2023 20:48,-0.3888189
7/17/2023 20:49,-0.3066249
7/17/2023 20:50,-0.2298613
7/17/2023 20:51,-0.2398878
7/17/2023 20:52,-0.2978094
7/17/2023 20:53,-0.3268057
7/17/2023 20:54,-0.2429596
7/17/2023 20:55,-0.2186964
7/17/2023 20:56,-0.2792927
7/17/2023 20:57,-0.2448186
7/17/2023 20:58,-0.06174353
7/17/2023 20:59,-0.1951932
7/17/2023 21:00,-0.2311022
7/17/2023 21:01,-0.2482316
7/17/2023 21:02,-0.2354522
7/17/2023 21:03,-0.2601682
7/17/2023 21:04,-0.2248021
7/17/2023 21:05,-0.3026277
7/17/2023 21:06,-0.2830721
7/17/2023 21:07,-0.2411176
7/17/2023 21:08,-0.2794577
7/17/2023 21:09,-0.3030697
7/17/2023 21:10,-0.3090272
7/17/2023 21:11,-0.296722
7/17/2023 21:12,-0.3307728
7/17/2023 21:13,-0.2159191
7/17/2023 21:14,-0.2508548
7/17/2023 21:15,-0.3449824
7/17/2023 21:16,-0.2186378
7/17/2023 21:17,-0.2790821
7/17/2023 21:18,-0.3628768
7/17/2023 21:19,-0.278649
7/17/2023 21:20,-0.2206935
7/17/2023 21:21,-0.2021057
7/17/2023 21:22,-0.3241623
7/17/2023 21:23,-0.323838
7/17/2023 21:24,-0.3768621
7/17/2023 21:25,-0.3713611
7/17/2023 21:26,-0.4084982
7/17/2023 21:27,-0.4234607
7/17/2023 21:28,-0.372723
7/17/2023 21:29,-0.362619
7/17/2023 21:30,-0.3427905
7/17/2023 21:31,-0.3824243
7/17/2023 21:32,-0.4510705
7/17/2023 21:33,-0.2661923
7/17/2023 21:34,-0.2718992
7/17/2023 21:35,-0.3899486
7/17/2023 21:36,-0.3382886
7/17/2023 21:37,-0.3785692
7/17/2023 21:38,-0.4553868
7/17/2023 21:39,-0.4278906
7/17/2023 21:40,-0.3996256
7/17/2023 21:41,-0.3662648
7/17/2023 21:42,-0.3871696
7/17/2023 21:43,-0.359893
7/17/2023 21:44,-0.3173015
7/17/2023 21:45,-0.2784953
7/17/2023 21:46,-0.3729632
7/17/2023 21:47,-0.4246749
7/17/2023 21:48,-0.4023063
7/17/2023 21:49,-0.4167255
7/17/2023 21:50,-0.3972106
7/17/2023 21:51,-0.3340845
7/17/2023 21:52,-0.3865238
7/17/2023 21:53,-0.4608569
7/17/2023 21:54,-0.3971189
7/17/2023 21:55,-0.3660437
7/17/2023 21:56,-0.4471006
7/17/2023 21:57,-0.4107111
7/17/2023 21:58,-0.3965547
7/17/2023 21:59,-0.361537
7/17/2023 22:00,-0.3675172
7/17/2023 22:01,-0.3970434
7/17/2023 22:02,-0.3607338
7/17/2023 22:03,-0.4318103
7/17/2023 22:04,-0.3552075
7/17/2023 22:05,-0.4018635
7/17/2023 22:06,-0.4864666
7/17/2023 22:07,-0.3643286
7/17/2023 22:08,-0.3827584
7/17/2023 22:09,-0.395844
7/17/2023 22:10,-0.4450766
7/17/2023 22:11,-0.2723966
7/17/2023 22:12,-0.4527871
7/17/2023 22:13,-0.5186481
7/17/2023 22:14,-0.4763863
7/17/2023 22:15,-0.4205421
7/17/2023 22:16,-0.4905272
7/17/2023 22:17,-0.4945456
7/17/2023 22:18,-0.5024904
7/17/2023 22:19,-0.4304078
7/17/2023 22:20,-0.5309314
7/17/2023 22:21,-0.5439093
7/17/2023 22:22,-0.3770495
7/17/2023 22:23,-0.5054813
7/17/2023 22:24,-0.4838209
7/17/2023 22:25,-0.3897256
7/17/2023 22:26,-0.5439534
7/17/2023 22:27,-0.5317607
7/17/2023 22:28,-0.4466301
7/17/2023 22:29,-0.43568
7/17/2023 22:30,-0.4683989
7/17/2023 22:31,-0.4309342
7/17/2023 22:32,-0.4960267
7/17/2023 22:33,-0.4384622
7/17/2023 22:34,-0.4237168
7/17/2023 22:35,-0.4976926
7/17/2023 22:36,-0.4929774
7/17/2023 22:37,-0.5412559
7/17/2023 22:38,-0.5103812
7/17/2023 22:39,-0.5060553
7/17/2023 22:40,-0.3640454
7/17/2023 22:41,-0.4245076
7/17/2023 22:42,-0.4549708
7/17/2023 22:43,-0.557946
7/17/2023 22:44,-0.4947705
7/17/2023 22:45,-0.4530103
7/17/2023 22:46,-0.5139016
7/17/2023 22:47,-0.5916975
7/17/2023 22:48,-0.4853021
7/17/2023 22:49,-0.4766016
7/17/2023 22:50,-0.4861331
7/17/2023 22:51,-0.5646171
7/17/2023 22:52,-0.5653812
7/17/2023 22:53,-0.6009663
7/17/2023 22:54,-0.585612
7/17/2023 22:55,-0.5322061
7/17/2023 22:56,-0.6286409
7/17/2023 22:57,-0.5510774
7/17/2023 22:58,-0.5164221
7/17/2023 22:59,-0.5299483
7/17/2023 23:00,-0.6277119
7/17/2023 23:01,-0.6187838
7/17/2023 23:02,-0.5299882
7/17/2023 23:03,-0.576892
7/17/2023 23:04,-0.5745574
7/17/2023 23:05,-0.583409
7/17/2023 23:06,-0.6148255
7/17/2023 23:07,-0.6438715
7/17/2023 23:08,-0.614565
7/17/2023 23:09,-0.5903632
7/17/2023 23:10,-0.5682521
7/17/2023 23:11,-0.6354039
7/17/2023 23:12,-0.6414238
7/17/2023 23:13,-0.5701166
7/17/2023 23:14,-0.5872986
7/17/2023 23:15,-0.6020625
7/17/2023 23:16,-0.5994312
7/17/2023 23:17,-0.6502854
7/17/2023 23:18,-0.6823882
7/17/2023 23:19,-0.6441346
7/17/2023 23:20,-0.6935152
7/17/2023 23:21,-0.6311724
7/17/2023 23:22,-0.5843299
7/17/2023 23:23,-0.6330667
7/17/2023 23:24,-0.6511176
7/17/2023 23:25,-0.5754473
7/17/2023 23:26,-0.6145851
7/17/2023 23:27,-0.5881895
7/17/2023 23:28,-0.5715479
7/17/2023 23:29,-0.5481895
7/17/2023 23:30,-0.608314
7/17/2023 23:31,-0.5854017
7/17/2023 23:32,-0.5595433
7/17/2023 23:33,-0.5626437
7/17/2023 23:34,-0.6230466
7/17/2023 23:35,-0.5988181
7/17/2023 23:36,-0.5825239
7/17/2023 23:37,-0.5956221
7/17/2023 23:38,-0.5584052
7/17/2023 23:39,-0.5195396
7/17/2023 23:40,-0.5221935
7/17/2023 23:41,-0.4864737
7/17/2023 23:42,-0.5236691
7/17/2023 23:43,-0.6325536
7/17/2023 23:44,-0.6202757
7/17/2023 23:45,-0.5802423
7/17/2023 23:46,-0.5747151
7/17/2023 23:47,-0.6406395
7/17/2023 23:48,-0.6214392
7/17/2023 23:49,-0.652482
7/17/2023 23:50,-0.5925893
7/17/2023 23:51,-0.5518398
7/17/2023 23:52,-0.4583497
7/17/2023 23:53,-0.4758739
7/17/2023 23:54,-0.5096483
7/17/2023 23:55,-0.527863
7/17/2023 23:56,-0.5448193
7/17/2023 23:57,-0.5247505
7/17/2023 23:58,-0.46468
7/17/2023 23:59,-0.4528744
7/18/2023 0:00,-0.2799955
